{
  "run_1": {
    "section_32": {
      "insights_count": 3,
      "output_length": 20857,
      "depth_ratio": 0.00014383660162055906
    },
    "average_depth_ratio": 0.00014383660162055906
  }
}